date_of_birth,first_name,job_title,last_name,password,user_name
1961-06-28,Rubi,hoofdparticulieren,Caizley,GdYxHdv1gyWF,rcaizley0@prweb.com
1908-11-09,Idaline,hoofdmkb,Potteril,lWtrYUVbZJM,ipotteril1@wufoo.com
1941-01-31,Hyatt,hoofdmkb,Weavers,xcxedMT0V,hweavers2@wisc.edu
2006-01-18,Ekaterina,bankmedewerker,Gathercoal,6q3R6c,egathercoal3@people.com.cn
1972-05-21,Lauryn,hoofdparticulieren,Heazel,WdnAPc,lheazel4@walmart.com
1978-03-16,Clary,hoofdmkb,Willets,zLs9bCDL,cwillets5@chronoengine.com
1906-07-08,Annadiane,hoofdmkb,Lorrimer,VSKLwnP1RV,alorrimer6@dailymotion.com
1986-08-16,Sherri,hoofdparticulieren,Wynch,secxOCmqu,swynch7@bravesites.com
1949-10-26,Norry,hoofdparticulieren,Eakley,MAtodVFpb5,neakley8@usa.gov
1997-06-20,Paten,bankmedewerker,Roycroft,2iOxiKJ,proycroft9@ucsd.edu
1917-05-15,Kalila,hoofdparticulieren,Hasel,tQWXJdjBEtYx,khasela@rambler.ru
1966-04-25,Immanuel,hoofdparticulieren,Oswald,NAXOv0VW,ioswaldb@yelp.com
2004-10-29,Tymon,bankmedewerker,Witchell,epOPAq,twitchellc@ucla.edu
1958-12-19,Buddy,hoofdmkb,Sibun,LerDAhZInEZB,bsibund@taobao.com
1959-06-26,Jennie,hoofdparticulieren,Sisley,XTaog3FIt9Bs,jsisleye@woothemes.com
1959-05-26,Nyssa,hoofdparticulieren,Janes,dEjtqFUEXYTz,njanesf@skyrock.com
1943-04-15,Carlota,hoofdparticulieren,Harler,M0eLsJOBknS,charlerg@hostgator.com
2001-08-09,Janella,hoofdparticulieren,Elderidge,ojrWjK,jelderidgeh@fastcompany.com
1959-11-29,Roxi,bankmedewerker,Sandyford,k11Oz7jNzUD,rsandyfordi@w3.org
1950-04-09,Anetta,hoofdparticulieren,Paolotto,KAhXNiiOi,apaolottoj@ow.ly
1970-09-04,Gabriella,hoofdparticulieren,Halleybone,FEj4M6V,ghalleybonek@auda.org.au
2001-05-23,Ossie,hoofdmkb,Emnoney,Vbzpi9VR,oemnoneyl@macromedia.com
1907-04-24,Peta,hoofdparticulieren,Goseling,7ADIPlSeb,pgoselingm@berkeley.edu
1910-10-14,Ricardo,hoofdmkb,Sired,fFzsviJJ,rsiredn@google.co.jp
1987-01-23,Nicolas,bankmedewerker,Stabbins,OIV5F43MBzo,nstabbinso@homestead.com
1922-09-15,Kassandra,hoofdmkb,de Broke,72sPfk,kdebrokep@timesonline.co.uk
1938-09-20,Helsa,hoofdparticulieren,McBay,0ume1Qd,hmcbayq@ucoz.ru
1999-08-19,Celinka,hoofdparticulieren,Hartropp,Kf6DnK5oI3UX,chartroppr@netvibes.com
1988-11-10,Stearn,hoofdparticulieren,Rosenbush,YVXSbDCdB,srosenbushs@slate.com
1975-09-14,Fiona,hoofdmkb,Ledur,wT4cbV,fledurt@yahoo.co.jp
1954-01-23,Chrissie,hoofdparticulieren,Glaum,4gysHC4i,cglaumu@hao123.com
1940-09-30,Moe,hoofdparticulieren,Cleve,NM8rvaE,mclevev@etsy.com
1966-06-30,Lemar,bankmedewerker,Dimbylow,AlotTwQO1,ldimbyloww@microsoft.com
1942-07-09,Brittney,hoofdparticulieren,Dudman,5Zyn0SPD,bdudmanx@sogou.com
1929-04-09,Werner,bankmedewerker,Spurdle,vaJzuC,wspurdley@bravesites.com
1934-06-09,Myrtle,hoofdparticulieren,Swate,V2Jm0Zjke,mswatez@webnode.com
1909-12-07,Nikita,bankmedewerker,Lampkin,bBv54JzykdOs,nlampkin10@ihg.com
1932-01-06,Cathryn,hoofdmkb,Leeder,SPxlG7PE37,cleeder11@microsoft.com
1973-07-29,Bridie,bankmedewerker,O'Hartnedy,Gmm1zk,bohartnedy12@timesonline.co.uk
2005-12-08,Laurel,bankmedewerker,Shoebottom,ex3J8t88,lshoebottom13@phoca.cz
1961-08-12,Fransisco,hoofdmkb,Corck,kxxtFx3WB,fcorck14@wordpress.com
1916-09-14,Danya,hoofdmkb,Lamanby,IYDRC7xERUr,dlamanby15@yellowpages.com
1934-08-04,Cass,hoofdparticulieren,Fumagalli,pRulzVtyjj,cfumagalli16@telegraph.co.uk
1975-04-30,Jacqui,hoofdmkb,Lissenden,eclt1VQhosZ,jlissenden17@360.cn
1902-03-17,Christoper,hoofdmkb,Manoch,6Kmqwz0U,cmanoch18@friendfeed.com
1922-04-25,Neille,hoofdparticulieren,Scoggan,FBCxaj,nscoggan19@jiathis.com
1951-11-17,Ludvig,hoofdparticulieren,Chasier,E9skmrGsqI,lchasier1a@jigsy.com
1927-04-11,Emmie,bankmedewerker,Stripp,qnJkfaE7OQyS,estripp1b@hud.gov
1996-08-02,Wilow,bankmedewerker,Iannuzzelli,Mp7CPd5Cp1A,wiannuzzelli1c@forbes.com
1939-12-29,Beryle,bankmedewerker,Georgius,S4GcMt,bgeorgius1d@irs.gov
1954-03-02,Cesare,hoofdmkb,Sivior,9sRD5MJI,csivior1e@harvard.edu
1980-11-05,Jennee,hoofdparticulieren,Pendrid,TwvCxpti,jpendrid1f@vistaprint.com
1914-01-15,Bette,hoofdparticulieren,Bumphries,GiETMGzt,bbumphries1g@usda.gov
1921-03-02,Stevana,hoofdparticulieren,Tremblett,QrcyAahodx1e,stremblett1h@squidoo.com
1951-06-15,Loise,hoofdparticulieren,Drewes,TCLZ4maWQ,ldrewes1i@hostgator.com
1984-04-08,Cordell,bankmedewerker,Leuty,r1YA11yY4rTN,cleuty1j@fotki.com
1961-08-22,Jori,hoofdparticulieren,Foukx,7onyGUvx,jfoukx1k@google.com.hk
1930-07-31,Marita,hoofdmkb,Shoulder,IGGyZj5t,mshoulder1l@gmpg.org
1978-08-28,Zondra,hoofdmkb,Nono,fzM5QSU1,znono1m@arstechnica.com
1954-12-02,Jody,bankmedewerker,Mughal,IToSWuAY,jmughal1n@ask.com
2001-07-10,Melba,hoofdparticulieren,Coulthard,frEQ08RNYnBH,mcoulthard1o@ihg.com
1924-04-14,Paton,hoofdparticulieren,Furmston,IbTZZEVAy,pfurmston1p@furl.net
1907-02-10,Viviana,hoofdparticulieren,Pikesley,vc7wwDE,vpikesley1q@seattletimes.com
1945-07-28,Kaitlin,bankmedewerker,Kenney,bf9Z7Xdjzr0,kkenney1r@newyorker.com
1927-12-10,Carmelita,hoofdmkb,Harnwell,HnHzgD1v,charnwell1s@epa.gov
2008-07-27,Millard,bankmedewerker,Sekulla,TR6KUZ,msekulla1t@dedecms.com
1963-10-17,Brigida,hoofdmkb,Hazelhurst,25vgNoEG9,bhazelhurst1u@nsw.gov.au
1908-05-29,Leesa,bankmedewerker,Sibthorp,3lx2sO,lsibthorp1v@deviantart.com
1950-07-15,Annie,hoofdparticulieren,Dyment,k2qUXk5siI,adyment1w@ehow.com
1977-02-05,Laurella,bankmedewerker,Altree,5JN5exC4,laltree1x@ask.com
1918-02-17,Gregor,hoofdmkb,Emerton,qHQImjLjPR5,gemerton1y@gmpg.org
1942-09-20,Tatiania,bankmedewerker,Wadmore,kMyQUQ,twadmore1z@shareasale.com
1933-06-14,Franky,bankmedewerker,Khomich,Oa9Xtc,fkhomich20@domainmarket.com
2010-11-27,Brandie,bankmedewerker,Jeffree,oes8fQZ,bjeffree21@ftc.gov
1980-06-05,Jesse,hoofdparticulieren,Landes,48h8rTt06RG9,jlandes22@instagram.com
1967-12-29,Salaidh,bankmedewerker,Farge,EoWbS3BEzI,sfarge23@mapy.cz
1906-08-18,Ivonne,bankmedewerker,Sambiedge,jep8buWU,isambiedge24@cam.ac.uk
2000-02-27,Leif,hoofdmkb,Lynskey,MGG6Hkg9rbS,llynskey25@about.me
1998-06-08,Farr,hoofdmkb,Minci,nS6iZd4b2,fminci26@latimes.com
2002-05-25,Ileane,hoofdparticulieren,Tejada,bvY678D7m,itejada27@dailymail.co.uk
1973-07-24,Artus,bankmedewerker,Kendell,WPhNBv,akendell28@vk.com
1998-05-14,Tripp,hoofdparticulieren,Castle,2foRJgVn,tcastle29@wsj.com
1975-03-11,Rachele,bankmedewerker,Wabey,9mqz8F46,rwabey2a@indiegogo.com
1994-12-12,Beth,hoofdparticulieren,Granger,LbPM2g,bgranger2b@fema.gov
1909-12-29,Augustina,hoofdmkb,Broadbere,XArRc8cscTY,abroadbere2c@microsoft.com
1975-08-14,Helaina,hoofdmkb,Canceller,wjMT3uyst,hcanceller2d@cisco.com
1984-01-02,Addison,bankmedewerker,Akhurst,ripY9YChMP,aakhurst2e@fda.gov
1949-05-08,Carmine,hoofdparticulieren,De Lorenzo,ooz4C6,cdelorenzo2f@earthlink.net
1972-12-10,Thayne,bankmedewerker,Haslehurst,1qed5dGFdtv5,thaslehurst2g@amazon.co.uk
1912-09-28,Jeffy,hoofdmkb,Muncey,HvPFd39cfC,jmuncey2h@ucoz.ru
1975-12-16,Kristyn,hoofdmkb,Dun,sSTmtsy,kdun2i@google.co.uk
1917-05-28,Nathanial,hoofdparticulieren,Welham,o1WSaBsZGgw,nwelham2j@elegantthemes.com
1998-07-14,Sandie,bankmedewerker,Soffe,oAElauFXi,ssoffe2k@pcworld.com
1992-08-16,Roda,hoofdparticulieren,Bes,iRNMoWaP,rbes2l@latimes.com
1956-03-23,Roselin,bankmedewerker,Sawforde,MlGPmZop,rsawforde2m@umich.edu
1973-12-17,Cherlyn,hoofdmkb,Startin,nNwQoFxVdFn,cstartin2n@cnbc.com
1977-08-10,Heidi,bankmedewerker,Laurens,oL2rWDXMh,hlaurens2o@e-recht24.de
1948-04-28,Elihu,hoofdmkb,Michelet,DfaMMG2HVH,emichelet2p@economist.com
1940-05-02,Quincey,bankmedewerker,Franciskiewicz,99q3HKS2,qfranciskiewicz2q@wunderground.com
1971-06-01,Madel,hoofdparticulieren,Westoll,cXRR7eOs3T,mwestoll2r@blinklist.com
1905-02-01,Lexine,bankmedewerker,Dominey,6eSkmrEPAYd,ldominey2s@cisco.com
1948-12-05,Garrik,hoofdmkb,Hindshaw,1v86P1dSu,ghindshaw2t@netlog.com
1932-02-12,Kacey,bankmedewerker,Elkin,5stPiq,kelkin2u@nbcnews.com
1948-06-25,Kriste,hoofdparticulieren,Camfield,tCuLrp23,kcamfield2v@chronoengine.com
1900-12-21,Wolf,bankmedewerker,Feyer,bRDKuZBkGttZ,wfeyer2w@sciencedaily.com
1942-07-06,Tanhya,hoofdmkb,Vasquez,EXZakR26q6tu,tvasquez2x@mayoclinic.com
1957-01-13,Pearle,bankmedewerker,Kittman,FzdWiSBpItII,pkittman2y@reddit.com
1970-03-17,Brigit,hoofdparticulieren,Harbottle,m96SbBW,bharbottle2z@phpbb.com
1923-03-21,Crista,bankmedewerker,De Beauchemp,dvFrdjJIJ,cdebeauchemp30@sciencedirect.com
1908-01-16,Karee,hoofdparticulieren,Lythgoe,hv96JGKE2,klythgoe31@yelp.com
1965-07-13,Carlen,hoofdparticulieren,Sterte,Col0fSo,csterte32@squarespace.com
1933-09-23,Edgard,hoofdparticulieren,Roon,VISThAM,eroon33@moonfruit.com
2005-04-12,Jeniffer,hoofdmkb,Katte,UPirmJHc7Ro,jkatte34@google.ca
1924-06-10,Kyla,bankmedewerker,Lindsay,Xq4Amm2lcETM,klindsay35@umn.edu
1917-03-17,Vincents,hoofdparticulieren,Higginbottam,0d5nrdN5l,vhigginbottam36@hubpages.com
1991-07-26,Wheeler,hoofdparticulieren,Garman,T4fOoa,wgarman37@issuu.com
1966-11-21,Brunhilde,bankmedewerker,Brecher,M92OtlZ1C,bbrecher38@cbsnews.com
1941-06-02,Man,hoofdmkb,Battin,GmR4Kp,mbattin39@delicious.com
1900-03-19,Errol,hoofdmkb,Lacey,MKmj3bUF1,elacey3a@gov.uk
1955-05-03,Toddy,bankmedewerker,Trassler,m76i5szdq,ttrassler3b@histats.com
1921-11-03,Mommy,bankmedewerker,Berrie,cXhR3r,mberrie3c@cnbc.com
2005-07-25,Arlie,bankmedewerker,Gotts,kUFWdaYtT,agotts3d@imgur.com
2007-08-24,Merna,hoofdmkb,Yansons,bKSMn8,myansons3e@about.com
1930-12-06,Sella,hoofdmkb,Glasscoo,xWtw5KvXkm,sglasscoo3f@netvibes.com
2004-01-27,Maurita,hoofdparticulieren,Temperley,NbsceE,mtemperley3g@bloglovin.com
1921-12-26,Rosemaria,hoofdmkb,Eyrl,tU9SjQ,reyrl3h@apple.com
1901-10-13,Olivero,hoofdmkb,Scrine,gyNcHWwuS,oscrine3i@tripod.com
1943-08-06,Chev,hoofdmkb,Redholes,ZisPALo,credholes3j@thetimes.co.uk
1935-02-01,Gaultiero,hoofdmkb,Iiannone,184WBHjd,giiannone3k@rambler.ru
1905-12-31,Sheelagh,hoofdmkb,McGlew,IgZIoq,smcglew3l@blogspot.com
1901-01-04,Maurie,hoofdmkb,Crosscombe,rNjv4CG,mcrosscombe3m@slate.com
1925-05-27,Mariam,hoofdmkb,Dedenham,Ie2TCjnV,mdedenham3n@diigo.com
1986-10-12,Phillis,bankmedewerker,Heape,YI5M7ldh,pheape3o@hibu.com
1957-11-07,Colas,hoofdmkb,Sapshed,DtNna7J5z,csapshed3p@bloglovin.com
1968-11-13,Onfre,hoofdparticulieren,Labrum,h223LhNI,olabrum3q@liveinternet.ru
1976-05-19,Orion,bankmedewerker,Zorzutti,YG2hS5qTy3To,ozorzutti3r@tamu.edu
1935-02-02,Hanna,hoofdparticulieren,Birt,KnfhgMkre1oL,hbirt3s@wordpress.org
1948-09-17,Anselm,hoofdparticulieren,Crassweller,2JgNwh,acrassweller3t@symantec.com
2007-07-10,Dixie,hoofdparticulieren,McVee,jEL4m6z,dmcvee3u@newyorker.com
1973-09-24,Robbyn,hoofdmkb,Wilcot,8dbiif,rwilcot3v@bluehost.com
1938-05-28,Onida,hoofdparticulieren,Goodlip,mbjkz38e,ogoodlip3w@t-online.de
1957-07-16,Maurizia,hoofdparticulieren,Heddon,fMLF9YoY0d9,mheddon3x@rambler.ru
1988-04-09,Candide,hoofdparticulieren,Musico,T4zmwVFJ,cmusico3y@google.com.hk
2007-09-06,Gianina,hoofdparticulieren,Gribbell,iFcDu3lSG1,ggribbell3z@xinhuanet.com
1948-02-26,Tresa,bankmedewerker,Lathee,MsbrkR3NNt,tlathee40@home.pl
1929-12-31,Goldy,hoofdparticulieren,Wreak,6jyRD0723Y1,gwreak41@barnesandnoble.com
1980-07-06,Asher,hoofdparticulieren,Hamilton,rIiXtuafWo8,ahamilton42@sohu.com
1969-05-14,Earl,bankmedewerker,Hewins,jl0bOf9p8ZN,ehewins43@wp.com
2008-11-03,Alisha,bankmedewerker,Ingolotti,gMogu44Sectu,aingolotti44@baidu.com
1943-02-06,Ida,hoofdparticulieren,Haywood,b6aAfiHIfWK,ihaywood45@wunderground.com
1921-07-03,Mycah,hoofdparticulieren,Gehricke,CIjnBf4F4UA,mgehricke46@yolasite.com
1997-01-30,Brandy,hoofdmkb,Tidd,5BeKSNUTd,btidd47@sphinn.com
1993-04-21,Obediah,hoofdmkb,Broderick,k52LUi,obroderick48@wikispaces.com
1900-01-28,Toinette,hoofdparticulieren,Lamy,9XZSEa,tlamy49@gmpg.org
1911-09-18,Midge,bankmedewerker,Triebner,xQEi0sH,mtriebner4a@un.org
1993-09-30,Carlita,hoofdmkb,Darkin,p6VvrlNT2zP,cdarkin4b@webmd.com
1999-01-01,Ambrosio,bankmedewerker,Griffey,qdk9PW,agriffey4c@wiley.com
1982-08-14,Zaccaria,hoofdparticulieren,Gerbel,PiWDAYKFQd,zgerbel4d@1688.com
1937-07-19,Aura,bankmedewerker,Gudyer,oYAbhv8Rdb,agudyer4e@tmall.com
1981-05-15,Addie,bankmedewerker,Downing,6Ka0s3,adowning4f@indiegogo.com
1984-04-02,Susann,hoofdparticulieren,Cicchitello,x4Ona1v4a,scicchitello4g@desdev.cn
1992-09-21,Ellerey,hoofdparticulieren,Searchfield,FDpMJrvZM,esearchfield4h@ted.com
1939-05-24,Tammara,bankmedewerker,Doumerc,RBQYoayJO,tdoumerc4i@cbslocal.com
1926-04-03,Sela,bankmedewerker,Knocker,HRHZTrnM44,sknocker4j@tinypic.com
1927-02-13,Ban,hoofdparticulieren,MacCartan,qBy7nL,bmaccartan4k@utexas.edu
1958-09-21,Codee,hoofdmkb,Barnard,B73Eh3,cbarnard4l@tinypic.com
1909-03-31,Cristen,bankmedewerker,Foltin,6vj5DWPGAF19,cfoltin4m@shinystat.com
1914-03-08,Lucas,hoofdparticulieren,Kingett,2NhkKI,lkingett4n@prnewswire.com
1982-11-12,Benedetto,hoofdmkb,Western,Cii9xlpztvU,bwestern4o@odnoklassniki.ru
1965-07-04,Lesya,hoofdparticulieren,Jennens,IcHRUSrXs,ljennens4p@paypal.com
1933-07-07,Gregoor,bankmedewerker,Richfield,l1Y7mvm,grichfield4q@amazon.com
1908-05-19,Jeffie,hoofdmkb,Warder,PYc8bR2er0,jwarder4r@youtu.be
1963-05-09,Iorgo,hoofdparticulieren,Toothill,KXBhZku0baH,itoothill4s@salon.com
1904-04-05,Clarence,bankmedewerker,Vannikov,1tEy0IF,cvannikov4t@xrea.com
1937-03-16,Sherill,bankmedewerker,Caird,H5G5fZOn2hMD,scaird4u@icio.us
1996-05-07,Blakelee,hoofdparticulieren,Gobolos,npvQbmHXqv,bgobolos4v@comcast.net
1976-01-18,Atalanta,hoofdmkb,Bienvenu,8pNPY1JY,abienvenu4w@google.co.jp
1973-03-08,Paddie,hoofdparticulieren,Stammler,G3hU1X,pstammler4x@ihg.com
1965-10-01,Perri,bankmedewerker,Tinman,ZmNEaiWQSnkk,ptinman4y@hibu.com
1901-12-14,Marcelle,hoofdmkb,Sebright,CcmZaUIEA8,msebright4z@apache.org
1901-08-13,Guglielmo,hoofdmkb,Rimour,p9zZOsv944,grimour50@uiuc.edu
1964-08-17,Feodor,bankmedewerker,Lawty,txds4o,flawty51@netscape.com
1983-02-28,Fabio,hoofdparticulieren,Terzi,PjFG8H970,fterzi52@nbcnews.com
1963-09-12,Jeanelle,bankmedewerker,Folks,hKp89h2SV6x,jfolks53@yandex.ru
1959-07-31,Desmond,hoofdparticulieren,Cubley,vIlFlOT9ZK95,dcubley54@loc.gov
1940-03-28,Ailee,hoofdmkb,Awcoate,47Ne6RV,aawcoate55@biglobe.ne.jp
2000-04-27,Bill,hoofdmkb,Lafferty,h6UeK5i73dNA,blafferty56@deviantart.com
1905-07-19,Gale,bankmedewerker,Given,Xj6pJLScJYTK,ggiven57@cornell.edu
1913-11-07,Marisa,bankmedewerker,Mosten,QmieY6DC,mmosten58@mail.ru
1993-11-04,Marie-jeanne,hoofdparticulieren,Cow,2IZ82M,mcow59@springer.com
1984-11-14,Faythe,bankmedewerker,Birkmyre,JjV5J0hdAImB,fbirkmyre5a@bbb.org
1918-06-16,Rana,hoofdmkb,Kubelka,zAI5SAgN,rkubelka5b@blogtalkradio.com
1912-12-22,Sharyl,hoofdmkb,Limer,19bfjcWISHf3,slimer5c@cafepress.com
1983-04-04,Marsiella,bankmedewerker,Lydon,V8pFaM,mlydon5d@reference.com
1929-09-29,Claudette,hoofdmkb,Lawton,7311lZHPnI,clawton5e@army.mil
1948-07-03,Gert,hoofdmkb,Pherps,XPHf1NZuF,gpherps5f@bandcamp.com
1927-01-12,Travus,bankmedewerker,McMyler,pEepGGXny2L,tmcmyler5g@oracle.com
1956-08-16,Onfre,hoofdmkb,Fligg,Bt6HKD5Zr,ofligg5h@mlb.com
2004-11-12,Byram,bankmedewerker,Truran,BpHWKu,btruran5i@marriott.com
1950-06-30,Mira,bankmedewerker,Buie,0TIgwFzB,mbuie5j@csmonitor.com
1945-10-05,Madison,bankmedewerker,Liddel,xjD5mRG3,mliddel5k@google.it
1925-04-22,Nataline,hoofdparticulieren,Dimond,dnlhytHoQ,ndimond5l@networkadvertising.org
1928-11-16,Jammal,bankmedewerker,Northcote,Zl61czswDy,jnorthcote5m@sphinn.com
1961-09-01,Rayner,bankmedewerker,Euplate,qmjXdQpt,reuplate5n@wordpress.org
1955-11-04,Cristal,hoofdparticulieren,Rabbitt,4HWQkWjmU6pr,crabbitt5o@ocn.ne.jp
1966-02-13,Jesselyn,hoofdmkb,Caldicott,aV5eFn,jcaldicott5p@springer.com
1959-09-05,Aguie,bankmedewerker,Dare,LnCtID,adare5q@ehow.com
2003-03-17,Yoshi,hoofdparticulieren,McCluin,3KhKh3mCGt,ymccluin5r@ucsd.edu
1901-01-27,Kale,hoofdparticulieren,Mandal,Ah2VtY,kmandal5s@youku.com
2005-05-22,Tanitansy,hoofdmkb,Palmby,bUSMc1i,tpalmby5t@example.com
1962-12-08,Mellisent,hoofdparticulieren,Renvoise,Rg8KD356J,mrenvoise5u@github.io
1955-09-02,Casey,hoofdparticulieren,Bruckner,7K4Xq2e2heE,cbruckner5v@google.com.hk
1917-12-27,Dionisio,bankmedewerker,Hiers,67HZHmbT,dhiers5w@dmoz.org
1999-02-20,Darda,bankmedewerker,Skipton,coJTl2,dskipton5x@delicious.com
2000-04-18,Kelly,hoofdparticulieren,Cozins,Qs8J4piHp,kcozins5y@storify.com
1989-08-10,Waverley,hoofdparticulieren,Brickett,rDqGvj,wbrickett5z@ovh.net
1913-01-27,Casper,bankmedewerker,Nassau,xKzJdSPM,cnassau60@dropbox.com
1955-01-18,Daisey,bankmedewerker,Craigmyle,UC8tMr,dcraigmyle61@instagram.com
1921-08-10,Crichton,hoofdmkb,Cucuzza,VrTniX,ccucuzza62@wix.com
1918-08-25,Brenna,hoofdparticulieren,Gethins,KrPEgnKdpn,bgethins63@wordpress.org
1944-12-11,Ellery,bankmedewerker,Tancock,Knyepx,etancock64@geocities.com
1906-08-21,Marin,hoofdmkb,Mosco,uUGjQM,mmosco65@tinyurl.com
1904-09-05,Abigael,bankmedewerker,Weatherup,HZTJ4fTzHF6d,aweatherup66@usnews.com
1905-05-30,Bordy,hoofdparticulieren,Ashingden,r7KsJnVtPGD,bashingden67@wikispaces.com
1954-07-23,Joella,bankmedewerker,Harler,pO0WKOUPX,jharler68@php.net
1998-10-28,Vivianna,hoofdmkb,Webborn,lCnSZl9QY,vwebborn69@bloomberg.com
1970-04-09,Sallee,hoofdparticulieren,Bukac,QuZ4g6dq9Om,sbukac6a@washingtonpost.com
1971-07-18,Venita,hoofdparticulieren,Neath,YWUrCLFckQ,vneath6b@engadget.com
1979-06-14,Farris,bankmedewerker,Worthing,uicGDESxUjj,fworthing6c@ox.ac.uk
1918-08-03,Sophi,bankmedewerker,Massingberd,22ogwALfz,smassingberd6d@mail.ru
1975-07-14,Dunstan,hoofdmkb,Jacox,iWlWFyRKMW,djacox6e@livejournal.com
1991-04-18,Jasun,bankmedewerker,Klassmann,hssevR9iBp,jklassmann6f@wikia.com
1909-09-11,Genovera,hoofdmkb,Calton,Q9pTE4,gcalton6g@google.fr
2004-04-27,Fawnia,hoofdparticulieren,Howchin,9ZcePdS8wXx,fhowchin6h@vistaprint.com
2006-01-16,Ives,hoofdmkb,Harses,t7wEX3wBK,iharses6i@etsy.com
1950-11-16,Georgeanna,hoofdmkb,Albone,rwYeESQ,galbone6j@thetimes.co.uk
1938-08-16,Dietrich,bankmedewerker,Rentalll,s4rpMq,drentalll6k@auda.org.au
1983-12-16,Johnathon,hoofdmkb,Huish,2084CLYb,jhuish6l@harvard.edu
1908-11-15,Boonie,hoofdmkb,Manis,Y2iNsBx3rx,bmanis6m@google.com.br
2003-12-13,Kellie,hoofdmkb,Gutch,SsC8tMC79O,kgutch6n@sakura.ne.jp
1948-09-10,Kalli,hoofdparticulieren,Raphael,wZFQTMq5,kraphael6o@reuters.com
1910-09-22,Twila,hoofdparticulieren,De la croix,BJB5q1,tdelacroix6p@oaic.gov.au
1948-07-29,Gennifer,bankmedewerker,Rahlof,O6757pPPD,grahlof6q@telegraph.co.uk
1930-09-11,Mead,hoofdparticulieren,Sparshutt,RBpXdJclf0f,msparshutt6r@yahoo.co.jp
1919-12-09,Myrwyn,hoofdmkb,Moggach,IveZRVjNuJz,mmoggach6s@apple.com
1936-11-03,Carolann,hoofdmkb,McCaster,5rkBx8,cmccaster6t@who.int
1991-04-28,Franz,hoofdparticulieren,Danieli,P2KIllUK,fdanieli6u@discovery.com
1936-02-22,Georgeanna,bankmedewerker,Greenstead,dCg1ocUT,ggreenstead6v@chicagotribune.com
1982-10-24,Norry,hoofdparticulieren,Snozzwell,7WaS1iTlZl1z,nsnozzwell6w@artisteer.com
1905-03-05,Padget,hoofdparticulieren,Weins,QhRV6T28K,pweins6x@washingtonpost.com
